timestamp,bot_id,event_type,value
2026-04-09T21:57:23.240629,1,proximity,2
2026-04-09T21:59:18.758018,1,proximity,1
2026-04-09T21:59:18.769008,2,proximity,2
2026-04-09T21:59:19.260857,1,proximity,2
2026-04-09T21:59:19.272562,2,proximity,1
2026-04-09T21:59:19.763293,1,proximity,2
2026-04-09T21:59:20.261581,1,proximity,2
2026-04-09T21:59:20.273103,2,proximity,1
2026-04-09T21:59:20.771912,1,proximity,2
2026-04-09T21:59:20.782715,2,proximity,2
2026-04-09T21:59:21.284659,1,proximity,1
2026-04-09T21:59:21.295565,2,proximity,2
2026-04-09T21:59:21.799503,1,proximity,1
2026-04-09T21:59:21.814610,2,proximity,1
2026-04-09T21:59:22.306460,1,proximity,2
2026-04-09T21:59:22.317085,2,proximity,2
2026-04-09T22:02:25.888968,1,proximity,2
2026-04-09T22:02:25.909368,2,proximity,2
2026-04-09T22:02:26.398797,1,proximity,2
2026-04-09T22:02:26.417312,2,proximity,2
2026-04-09T22:02:27.929049,1,proximity,2
2026-04-09T22:02:27.947304,2,proximity,2
2026-04-09T22:02:29.989247,2,proximity,2
2026-04-09T22:02:50.242221,2,proximity,2
2026-04-09T22:02:51.252677,2,proximity,2
2026-04-09T22:02:51.749450,1,proximity,2
2026-04-09T22:03:42.920867,2,proximity,2
2026-04-09T22:03:43.412681,1,proximity,2
2026-04-09T22:03:43.927388,1,proximity,2
2026-04-09T22:03:43.948316,2,proximity,1
2026-04-09T22:03:44.429404,1,proximity,2
2026-04-09T22:03:44.447552,2,proximity,2
2026-04-09T22:03:44.931277,1,proximity,2
2026-04-09T22:03:44.952409,2,proximity,1
2026-04-09T22:03:45.434588,1,proximity,1
2026-04-09T22:03:45.453476,2,proximity,1
2026-04-09T22:03:45.950543,1,proximity,2
2026-04-09T22:03:45.968999,2,proximity,1
2026-04-09T22:03:46.450500,1,proximity,1
2026-04-09T22:03:46.468502,2,proximity,1
2026-04-09T22:03:46.956416,1,proximity,1
2026-04-09T22:03:46.974816,2,proximity,1
2026-04-09T22:03:47.469670,1,proximity,1
2026-04-09T22:03:47.487953,2,proximity,1
2026-04-09T22:03:47.973187,1,proximity,1
2026-04-09T22:03:47.991423,2,proximity,1
2026-04-09T22:03:48.484741,1,proximity,2
2026-04-09T22:03:48.502704,2,proximity,2
2026-04-09T22:04:14.828256,1,proximity,2
2026-04-09T22:04:14.848302,2,proximity,1
2026-04-09T22:04:15.329267,1,proximity,1
2026-04-09T22:04:15.348133,2,proximity,1
2026-04-09T22:04:15.835081,1,proximity,1
2026-04-09T22:04:15.853568,2,proximity,1
2026-04-09T22:04:16.335029,1,proximity,1
2026-04-09T22:04:16.353099,2,proximity,1
2026-04-09T22:04:16.836718,1,proximity,1
2026-04-09T22:04:16.854964,2,proximity,1
2026-04-09T22:04:17.342409,1,proximity,1
2026-04-09T22:04:17.360204,2,proximity,2
2026-04-09T22:04:17.844682,1,proximity,2
2026-04-09T22:04:17.863469,2,proximity,2
2026-04-09T22:04:18.344945,1,proximity,2
2026-04-09T22:04:18.362678,2,proximity,1
2026-04-09T22:04:18.850211,1,proximity,1
2026-04-09T22:04:18.869095,2,proximity,2
2026-04-09T22:04:19.359853,1,proximity,2
2026-04-09T22:04:21.384861,1,proximity,2
2026-04-09T22:04:21.402720,2,proximity,2
2026-04-09T22:04:21.886435,1,proximity,2
2026-04-09T22:04:21.904843,2,proximity,2
2026-04-09T22:04:22.385217,1,proximity,1
2026-04-09T22:04:22.403810,2,proximity,2
2026-04-09T22:04:23.410736,2,proximity,2
2026-04-09T22:04:26.419050,1,proximity,2
2026-04-09T22:04:32.495088,2,proximity,2
2026-04-09T22:04:33.006568,2,proximity,2
2026-04-09T22:04:33.493337,1,proximity,2
2026-04-09T22:04:33.511942,2,proximity,2
2026-04-09T22:04:33.998082,1,proximity,2
2026-04-09T22:04:34.016361,2,proximity,2
2026-04-09T22:04:35.023937,2,proximity,2
2026-04-09T22:04:35.511317,1,proximity,1
2026-04-09T22:04:35.530028,2,proximity,1
2026-04-09T22:04:36.022853,1,proximity,2
2026-04-09T22:04:36.041167,2,proximity,2
2026-04-09T22:04:36.526783,1,proximity,1
2026-04-09T22:04:36.545794,2,proximity,1
2026-04-09T22:04:37.034013,1,proximity,2
2026-04-09T22:04:37.052279,2,proximity,2
2026-04-09T22:04:37.539096,1,proximity,2
2026-04-09T22:04:37.551601,2,proximity,2
2026-04-09T22:04:38.041000,1,proximity,1
2026-04-09T22:04:38.060509,2,proximity,2
2026-04-09T22:04:38.542196,1,proximity,2
2026-04-09T22:04:39.060364,2,proximity,2
2026-04-09T22:04:39.547585,1,proximity,2
2026-04-09T22:04:39.566280,2,proximity,2
2026-04-09T22:04:40.583055,2,proximity,2
2026-04-09T22:04:41.097004,2,proximity,2
2026-04-09T22:04:41.603137,2,proximity,2
2026-04-09T22:04:42.087720,1,proximity,2
2026-04-09T22:04:42.106105,2,proximity,2
2026-04-09T22:04:42.588809,1,proximity,2
2026-04-09T22:05:18.691349,2,proximity,2
2026-04-09T22:05:21.743741,1,proximity,2
2026-04-09T22:05:21.754754,2,proximity,2
2026-04-09T22:05:22.255753,1,proximity,2
2026-04-09T22:05:22.267030,2,proximity,2
2026-04-09T22:05:22.763038,1,proximity,2
2026-04-09T22:05:22.774149,2,proximity,2
2026-04-09T22:05:23.289014,2,proximity,2
2026-04-09T22:05:23.778626,1,proximity,1
2026-04-09T22:05:23.788752,2,proximity,2
2026-04-09T22:05:24.293484,1,proximity,2
2026-04-09T22:05:24.304289,2,proximity,2
2026-04-09T22:05:24.799195,1,proximity,2
2026-04-09T22:05:24.810035,2,proximity,2
2026-04-09T22:05:25.814412,1,proximity,2
2026-04-09T22:05:26.337047,2,proximity,2
2026-04-09T22:05:26.829044,1,proximity,1
2026-04-09T22:05:26.839120,2,proximity,1
2026-04-09T22:05:27.329923,1,proximity,2
2026-04-09T22:05:27.340423,2,proximity,2
2026-04-09T22:05:27.838866,1,proximity,2
2026-04-09T22:05:28.351961,1,proximity,2
2026-04-09T22:05:29.871418,1,proximity,2
2026-04-09T22:05:29.883251,2,proximity,2
2026-04-09T22:05:30.396074,2,proximity,2
2026-04-09T22:05:30.887551,1,proximity,2
2026-04-09T22:05:30.899032,2,proximity,1
2026-04-09T22:05:31.398511,1,proximity,1
2026-04-09T22:05:31.408538,2,proximity,1
2026-04-09T22:05:31.909618,1,proximity,1
2026-04-09T22:05:31.920770,2,proximity,1
2026-04-09T22:05:32.409359,1,proximity,1
2026-04-09T22:05:32.422467,2,proximity,1
2026-04-09T22:05:32.920204,1,proximity,1
2026-04-09T22:05:32.931460,2,proximity,1
2026-04-09T22:05:33.428781,1,proximity,1
2026-04-09T22:05:33.441300,2,proximity,2
2026-04-09T22:05:33.936774,1,proximity,2
2026-04-09T22:05:33.946934,2,proximity,2
2026-04-09T22:05:34.450026,1,proximity,2
2026-04-09T22:05:34.462040,2,proximity,2
2026-04-09T22:05:34.952757,1,proximity,2
2026-04-09T22:05:34.963376,2,proximity,1
2026-04-09T22:05:35.452035,1,proximity,1
2026-04-09T22:05:35.463755,2,proximity,1
2026-04-09T22:05:35.963735,1,proximity,1
2026-04-09T22:05:35.975697,2,proximity,1
2026-04-09T22:05:36.477548,1,proximity,2
2026-04-09T22:05:36.489209,2,proximity,2
2026-04-09T22:05:36.980012,1,proximity,1
2026-04-09T22:05:36.991531,2,proximity,1
2026-04-09T22:05:37.489119,1,proximity,1
2026-04-09T22:05:37.500416,2,proximity,2
2026-04-09T22:05:38.004662,2,proximity,2
2026-04-09T22:05:38.495493,1,proximity,1
2026-04-09T22:05:38.506734,2,proximity,1
2026-04-09T22:05:39.007664,1,proximity,1
2026-04-09T22:05:39.019749,2,proximity,1
2026-04-09T22:05:39.522031,1,proximity,1
2026-04-09T22:05:39.533386,2,proximity,1
2026-04-09T22:05:40.026455,1,proximity,2
2026-04-09T22:05:40.038103,2,proximity,2
2026-04-09T22:05:40.532548,1,proximity,2
2026-04-09T22:05:40.545420,2,proximity,2
2026-04-09T22:05:41.042330,1,proximity,1
2026-04-09T22:05:41.053168,2,proximity,2
2026-04-09T22:05:41.556582,1,proximity,1
2026-04-09T22:05:41.567828,2,proximity,1
2026-04-09T22:05:42.056538,1,proximity,1
2026-04-09T22:05:42.067565,2,proximity,1
2026-04-09T22:05:42.571100,1,proximity,1
2026-04-09T22:05:42.582013,2,proximity,2
2026-04-09T22:06:10.477665,1,proximity,2
2026-04-09T22:06:10.489894,2,proximity,2
2026-04-09T22:06:42.011854,1,proximity,2
2026-04-09T22:06:42.516219,1,proximity,2
2026-04-09T22:06:42.526501,2,proximity,2
2026-04-09T22:06:43.553926,2,proximity,2
2026-04-09T22:09:23.563284,2,proximity,2
2026-04-09T22:09:24.055399,1,proximity,2
2026-04-09T22:09:24.066109,2,proximity,2
2026-04-09T22:09:24.556900,1,proximity,2
2026-04-09T22:09:25.069862,2,proximity,2
2026-04-09T22:09:25.561637,1,proximity,1
2026-04-09T22:09:25.573108,2,proximity,2
2026-04-09T22:09:26.068256,1,proximity,2
2026-04-09T22:09:26.079219,2,proximity,2
2026-04-09T22:09:26.569647,1,proximity,2
2026-04-09T22:09:26.579546,2,proximity,1
2026-04-09T22:09:27.070070,1,proximity,1
2026-04-09T22:09:27.082707,2,proximity,1
2026-04-09T22:09:27.578930,1,proximity,2
2026-04-09T22:09:27.590776,2,proximity,2
2026-04-09T22:09:28.079997,1,proximity,2
2026-04-09T22:09:28.091033,2,proximity,2
2026-04-09T22:09:28.581948,1,proximity,2
2026-04-09T22:09:28.594852,2,proximity,1
2026-04-09T22:09:29.085766,1,proximity,1
2026-04-09T22:09:29.096359,2,proximity,2
2026-04-09T22:09:29.588851,1,proximity,2
2026-04-09T22:09:29.599522,2,proximity,2
2026-04-09T22:09:30.093892,1,proximity,2
2026-04-09T22:09:35.641459,2,proximity,2
2026-04-09T22:09:36.145539,1,proximity,1
2026-04-09T22:09:36.156856,2,proximity,2
2026-04-09T22:09:36.654730,1,proximity,2
2026-04-09T22:09:36.665648,2,proximity,1
2026-04-09T22:09:37.156329,1,proximity,1
2026-04-09T22:09:37.167453,2,proximity,1
2026-04-09T22:09:37.660377,1,proximity,2
2026-04-09T22:09:37.673411,2,proximity,2
2026-04-09T22:09:38.162842,1,proximity,2
2026-04-09T22:09:38.173777,2,proximity,1
2026-04-09T22:09:38.669846,1,proximity,2
2026-04-09T22:09:38.680976,2,proximity,2
2026-04-09T22:09:39.683011,1,proximity,2
2026-04-09T22:09:40.184457,1,proximity,2
2026-04-09T22:09:41.194921,1,proximity,2
2026-04-09T22:09:41.206824,2,proximity,2
2026-04-09T22:09:41.698215,1,proximity,1
2026-04-09T22:09:41.709507,2,proximity,1
2026-04-09T22:09:42.199042,1,proximity,1
2026-04-09T22:09:42.210441,2,proximity,1
2026-04-09T22:09:42.714237,1,proximity,1
2026-04-09T22:09:42.725538,2,proximity,1
2026-04-09T22:09:43.217371,1,proximity,1
2026-04-09T22:09:43.228197,2,proximity,1
2026-04-09T22:09:43.716767,1,proximity,2
2026-04-09T22:10:01.906068,2,proximity,2
2026-04-09T22:10:22.165898,1,proximity,2
2026-04-09T22:10:22.176560,2,proximity,2
2026-04-09T22:10:22.677054,1,proximity,2
2026-04-09T22:10:22.688467,2,proximity,1
2026-04-09T22:10:23.191872,1,proximity,1
2026-04-09T22:10:23.202923,2,proximity,2
2026-04-09T22:10:23.709140,2,proximity,2
2026-04-09T22:10:24.202116,1,proximity,2
2026-04-09T22:10:24.212987,2,proximity,2
2026-04-09T22:10:24.704164,1,proximity,2
2026-04-09T22:10:24.715110,2,proximity,2
2026-04-09T22:10:25.206921,1,proximity,2
2026-04-09T22:10:25.217775,2,proximity,2
2026-04-09T22:12:05.320173,1,proximity,1
2026-04-09T22:12:05.332130,2,proximity,2
2026-04-09T22:12:05.830234,1,proximity,2
2026-04-09T22:12:05.841327,2,proximity,1
2026-04-09T22:12:06.330306,1,proximity,1
2026-04-09T22:12:06.344462,2,collision,-5
2026-04-09T22:12:06.344588,2,energy_delta,-5
2026-04-09T22:12:06.344642,2,proximity,1
2026-04-09T22:12:06.834722,1,collision,-5
2026-04-09T22:12:06.834904,1,energy_delta,-5
2026-04-09T22:12:06.834923,1,proximity,1
2026-04-09T22:12:06.845082,2,collision,-5
2026-04-09T22:12:06.845137,2,energy_delta,-5
2026-04-09T22:12:06.845156,2,proximity,1
2026-04-09T22:12:07.346699,1,collision,-5
2026-04-09T22:12:07.346872,1,energy_delta,-5
2026-04-09T22:12:07.346896,1,proximity,1
2026-04-09T22:12:07.357543,2,collision,-5
2026-04-09T22:12:07.357668,2,energy_delta,-5
2026-04-09T22:12:07.357718,2,proximity,2
2026-04-09T22:12:07.859756,1,collision,-5
2026-04-09T22:12:07.859908,1,energy_delta,-5
2026-04-09T22:12:07.859926,1,proximity,2
2026-04-09T22:12:07.870016,2,collision,-5
2026-04-09T22:12:07.870072,2,energy_delta,-5
2026-04-09T22:12:07.870089,2,proximity,2
2026-04-09T22:12:08.372531,1,collision,-5
2026-04-09T22:12:08.372663,1,energy_delta,-5
2026-04-09T22:12:08.372700,1,proximity,2
2026-04-09T22:12:08.384290,2,collision,-5
2026-04-09T22:12:08.384422,2,energy_delta,-5
2026-04-09T22:12:08.384479,2,proximity,2
2026-04-09T22:12:08.880992,1,collision,-5
2026-04-09T22:12:08.881185,1,energy_delta,-5
2026-04-09T22:12:08.881238,1,proximity,2
2026-04-09T22:12:08.892414,2,collision,-5
2026-04-09T22:12:08.892483,2,energy_delta,-5
2026-04-09T22:12:08.892500,2,proximity,1
2026-04-09T22:12:09.382078,1,collision,-5
2026-04-09T22:12:09.382216,1,energy_delta,-5
2026-04-09T22:12:09.382233,1,proximity,1
2026-04-09T22:12:09.394027,2,collision,-5
2026-04-09T22:12:09.394098,2,energy_delta,-5
2026-04-09T22:12:09.394116,2,proximity,1
2026-04-09T22:12:09.883621,1,collision,-5
2026-04-09T22:12:09.883827,1,energy_delta,-5
2026-04-09T22:12:09.883882,1,proximity,1
2026-04-09T22:12:09.894012,2,collision,-5
2026-04-09T22:12:09.894080,2,energy_delta,-5
2026-04-09T22:12:09.894099,2,proximity,2
2026-04-09T22:12:10.385071,1,collision,-5
2026-04-09T22:12:10.385164,1,energy_delta,-5
2026-04-09T22:12:10.385185,1,proximity,1
2026-04-09T22:12:10.396015,2,collision,-5
2026-04-09T22:12:10.396069,2,energy_delta,-5
2026-04-09T22:12:10.396085,2,proximity,2
2026-04-09T22:12:10.901038,1,proximity,2
2026-04-09T22:12:10.915085,2,collision,-5
2026-04-09T22:12:10.915145,2,energy_delta,-5
2026-04-09T22:12:10.915164,2,proximity,1
2026-04-09T22:12:11.404936,1,proximity,1
2026-04-09T22:12:11.415152,2,collision,-5
2026-04-09T22:12:11.415204,2,energy_delta,-5
2026-04-09T22:12:11.415222,2,proximity,1
2026-04-09T22:12:11.905643,1,proximity,1
2026-04-09T22:12:11.918040,2,collision,-5
2026-04-09T22:12:11.918101,2,energy_delta,-5
2026-04-09T22:12:11.918119,2,proximity,1
2026-04-09T22:12:12.408663,1,proximity,1
2026-04-09T22:12:12.420589,2,collision,-5
2026-04-09T22:12:12.420722,2,energy_delta,-5
2026-04-09T22:12:12.420774,2,proximity,2
2026-04-09T22:13:40.298147,1,proximity,1
2026-04-09T22:13:40.311608,2,collision,-5
2026-04-09T22:13:40.311739,2,energy_delta,-5
2026-04-09T22:13:40.311794,2,proximity,1
2026-04-09T22:13:40.797418,1,collision,-5
2026-04-09T22:13:40.797643,1,energy_delta,-5
2026-04-09T22:13:40.797701,1,proximity,1
2026-04-09T22:13:40.810759,2,collision,-5
2026-04-09T22:13:40.810890,2,energy_delta,-5
2026-04-09T22:13:40.810943,2,proximity,1
2026-04-09T22:13:41.310731,1,collision,-5
2026-04-09T22:13:41.310851,1,energy_delta,-5
2026-04-09T22:13:41.310891,1,proximity,1
2026-04-09T22:13:41.323623,2,collision,-5
2026-04-09T22:13:41.323767,2,energy_delta,-5
2026-04-09T22:13:41.323819,2,proximity,1
2026-04-09T22:13:41.821608,1,collision,-5
2026-04-09T22:13:41.821808,1,energy_delta,-5
2026-04-09T22:13:41.821842,1,proximity,1
2026-04-09T22:13:41.837050,2,collision,-5
2026-04-09T22:13:41.837184,2,energy_delta,-5
2026-04-09T22:13:41.837238,2,proximity,2
2026-04-09T22:13:42.322025,1,collision,-5
2026-04-09T22:13:42.322147,1,energy_delta,-5
2026-04-09T22:13:42.322183,1,proximity,1
2026-04-09T22:13:42.336382,2,collision,-5
2026-04-09T22:13:42.336530,2,energy_delta,-5
2026-04-09T22:13:42.336581,2,proximity,2
2026-04-09T22:14:47.552247,1,proximity,2
2026-04-09T22:14:47.575820,2,proximity,2
2026-04-09T22:14:48.058329,1,proximity,2
2026-04-09T22:14:54.202471,2,proximity,2
2026-04-09T22:14:54.680776,1,proximity,2
2026-04-09T22:14:54.698985,2,proximity,2
2026-04-09T22:14:55.190864,1,proximity,2
2026-04-09T22:14:55.208821,2,proximity,1
2026-04-09T22:14:55.694540,1,proximity,1
2026-04-09T22:14:55.712231,2,proximity,2
2026-04-09T22:14:56.207923,1,proximity,2
2026-04-09T22:14:56.225654,2,proximity,2
2026-04-09T22:14:56.725863,2,proximity,2
2026-04-09T22:14:57.219054,1,proximity,2
2026-04-09T22:14:57.237151,2,proximity,2
2026-04-09T22:14:57.732773,1,proximity,2
2026-04-09T22:14:57.752626,2,proximity,2
2026-04-09T22:14:58.235855,1,proximity,2
2026-04-09T22:14:58.254805,2,proximity,1
2026-04-09T22:14:58.743594,1,proximity,1
2026-04-09T22:14:58.761149,2,proximity,1
2026-04-09T22:14:59.250209,1,proximity,2
2026-04-09T22:14:59.263331,2,proximity,2
2026-04-09T22:14:59.756016,1,proximity,1
2026-04-09T22:14:59.774198,2,proximity,1
2026-04-09T22:15:00.263260,1,proximity,2
2026-04-09T22:15:00.281609,2,proximity,2
2026-04-09T22:15:00.775091,1,proximity,2
2026-04-09T22:15:00.793863,2,proximity,2
2026-04-09T22:15:01.803013,1,proximity,2
2026-04-09T22:15:01.821790,2,proximity,2
2026-04-09T22:15:02.309519,1,proximity,2
2026-04-09T22:15:02.327544,2,proximity,2
2026-04-09T22:15:02.818977,1,proximity,1
2026-04-09T22:15:02.837171,2,collision,-5
2026-04-09T22:15:02.837238,2,energy_delta,-5
2026-04-09T22:15:02.837256,2,proximity,1
2026-04-09T22:15:03.332466,1,collision,-5
2026-04-09T22:15:03.332612,1,energy_delta,-5
2026-04-09T22:15:03.332652,1,proximity,1
2026-04-09T22:15:03.350740,2,collision,-5
2026-04-09T22:15:03.350806,2,energy_delta,-5
2026-04-09T22:15:03.350825,2,proximity,1
2026-04-09T22:15:03.838452,1,collision,-5
2026-04-09T22:15:03.838625,1,energy_delta,-5
2026-04-09T22:15:03.838678,1,proximity,1
2026-04-09T22:15:03.858131,2,collision,-5
2026-04-09T22:15:03.858264,2,energy_delta,-5
2026-04-09T22:15:03.858314,2,proximity,1
2026-04-09T22:15:04.346493,1,collision,-5
2026-04-09T22:15:04.346652,1,energy_delta,-5
2026-04-09T22:15:04.346678,1,proximity,2
2026-04-09T22:15:04.364890,2,collision,-5
2026-04-09T22:15:04.365020,2,energy_delta,-5
2026-04-09T22:15:04.859091,1,collision,-5
2026-04-09T22:15:04.859260,1,energy_delta,-5
2026-04-09T22:15:04.877911,2,collision,-5
2026-04-09T22:15:04.878013,2,energy_delta,-5
2026-04-09T22:15:05.361067,1,collision,-5
2026-04-09T22:15:05.361166,1,energy_delta,-5
2026-04-09T22:15:05.383216,2,collision,-5
2026-04-09T22:15:05.383289,2,energy_delta,-5
2026-04-09T22:15:05.873933,1,collision,-5
2026-04-09T22:15:05.874127,1,energy_delta,-5
2026-04-09T22:15:05.892302,2,collision,-5
2026-04-09T22:15:05.892368,2,energy_delta,-5
2026-04-09T22:15:06.385461,1,collision,-5
2026-04-09T22:15:06.385534,1,energy_delta,-5
2026-04-09T22:15:06.403914,2,collision,-5
2026-04-09T22:15:06.404050,2,energy_delta,-5
2026-04-09T22:15:06.895719,1,collision,-5
2026-04-09T22:15:06.895825,1,energy_delta,-5
2026-04-09T22:15:06.914496,2,collision,-5
2026-04-09T22:15:06.914621,2,energy_delta,-5
2026-04-09T22:15:07.397947,1,collision,-5
2026-04-09T22:15:07.398101,1,energy_delta,-5
2026-04-09T22:15:07.416279,2,collision,-5
2026-04-09T22:15:07.416347,2,energy_delta,-5
2026-04-09T22:15:07.908757,1,collision,-5
2026-04-09T22:15:07.908863,1,energy_delta,-5
2026-04-09T22:15:07.927001,2,collision,-5
2026-04-09T22:15:07.927069,2,energy_delta,-5
2026-04-09T22:15:08.423308,1,collision,-5
2026-04-09T22:15:08.423430,1,energy_delta,-5
2026-04-09T22:15:08.440991,2,collision,-5
2026-04-09T22:15:08.441075,2,energy_delta,-5
2026-04-09T22:15:08.934377,1,collision,-5
2026-04-09T22:15:08.934497,1,energy_delta,-5
2026-04-09T22:15:08.953337,2,collision,-5
2026-04-09T22:15:08.953401,2,energy_delta,-5
2026-04-09T22:15:09.445440,1,collision,-5
2026-04-09T22:15:09.445576,1,energy_delta,-5
2026-04-09T22:15:09.463365,2,collision,-5
2026-04-09T22:15:09.463470,2,energy_delta,-5
2026-04-09T22:15:09.953485,1,collision,-5
2026-04-09T22:15:09.953601,1,energy_delta,-5
2026-04-09T22:15:09.972110,2,collision,-5
2026-04-09T22:15:09.972211,2,energy_delta,-5
2026-04-09T22:15:10.461838,1,collision,-5
2026-04-09T22:15:10.461974,1,energy_delta,-5
2026-04-09T22:15:10.972367,1,collision,-5
2026-04-09T22:15:10.972527,1,energy_delta,-5
2026-04-09T22:15:11.483344,1,collision,-5
2026-04-09T22:15:11.483488,1,energy_delta,-5
2026-04-09T22:15:11.992027,1,collision,-5
2026-04-09T22:15:11.992131,1,energy_delta,-5
2026-04-09T22:15:12.502974,1,collision,-5
2026-04-09T22:15:12.503082,1,energy_delta,-5
2026-04-09T22:15:13.004791,1,collision,-5
2026-04-09T22:15:13.004983,1,energy_delta,-5
2026-04-09T22:15:13.518750,1,collision,-5
2026-04-09T22:15:13.518897,1,energy_delta,-5
2026-04-09T22:15:14.027757,1,collision,-5
2026-04-09T22:15:14.027917,1,energy_delta,-5
2026-04-09T22:15:14.536420,1,collision,-5
2026-04-09T22:15:14.536551,1,energy_delta,-5
2026-04-09T22:15:15.040732,1,collision,-5
2026-04-09T22:15:15.040836,1,energy_delta,-5
2026-04-09T22:15:15.548048,1,collision,-5
2026-04-09T22:15:15.548166,1,energy_delta,-5
2026-04-09T22:15:16.051430,1,collision,-5
2026-04-09T22:15:16.051597,1,energy_delta,-5
2026-04-09T22:15:16.563910,1,collision,-5
2026-04-09T22:15:16.564010,1,energy_delta,-5
2026-04-09T22:15:41.474968,1,proximity,2
2026-04-09T22:15:41.493236,2,proximity,2
2026-04-09T22:15:41.985638,1,proximity,2
2026-04-09T22:15:42.005768,2,proximity,2
2026-04-09T22:15:42.502271,1,proximity,2
2026-04-09T22:15:42.520431,2,proximity,2
2026-04-09T22:15:43.004892,1,proximity,2
2026-04-09T22:15:43.023755,2,proximity,2
2026-04-09T22:15:43.514432,1,proximity,2
2026-04-09T22:15:43.532486,2,proximity,2
2026-04-09T22:15:45.555461,1,proximity,2
2026-04-09T22:15:47.597934,2,proximity,2
2026-04-09T22:15:48.603919,1,proximity,2
2026-04-09T22:15:48.622875,2,proximity,2
2026-04-09T22:15:49.112012,1,proximity,2
2026-04-09T22:15:55.183591,1,proximity,2
2026-04-09T22:16:00.745873,1,proximity,2
2026-04-09T22:16:01.758096,1,proximity,2
2026-04-09T22:16:01.775932,2,proximity,2
2026-04-09T22:16:02.266044,1,proximity,2
2026-04-09T22:16:02.284657,2,proximity,2
2026-04-09T22:16:02.776318,1,proximity,2
2026-04-09T22:16:03.302189,2,proximity,2
2026-04-09T22:16:03.790141,1,proximity,2
2026-04-09T22:16:03.801429,2,proximity,2
2026-04-09T22:16:04.295084,1,proximity,2
2026-04-09T22:16:04.315139,2,proximity,1
2026-04-09T22:16:04.807334,1,proximity,1
2026-04-09T22:16:04.825336,2,proximity,1
2026-04-09T22:16:05.320812,1,proximity,1
2026-04-09T22:16:05.339617,2,proximity,2
2026-04-09T22:16:09.886622,1,proximity,2
2026-04-09T22:16:09.904192,2,proximity,2
2026-04-09T22:16:10.396932,1,proximity,2
2026-04-09T22:16:18.033356,2,proximity,2
2026-04-09T22:16:18.527957,1,proximity,2
2026-04-09T22:16:19.059466,2,proximity,2
2026-04-09T22:16:19.549715,1,proximity,2
2026-04-09T22:17:31.803279,1,proximity,2
2026-04-09T22:17:31.821517,2,proximity,2
2026-04-09T22:17:32.314960,1,proximity,2
2026-04-09T22:17:32.333837,2,proximity,2
2026-04-09T22:17:32.825152,1,proximity,2
2026-04-09T22:17:46.088402,2,proximity,2
2026-04-09T22:17:46.578693,1,proximity,2
2026-04-09T22:17:47.601116,1,proximity,2
2026-04-09T22:17:48.643070,2,proximity,2
2026-04-09T22:17:49.127572,1,proximity,2
2026-04-09T22:17:49.145496,2,proximity,2
2026-04-09T22:17:49.634286,1,proximity,1
2026-04-09T22:17:49.646188,2,proximity,2
2026-04-09T22:17:50.135573,1,proximity,2
2026-04-09T22:17:50.148072,2,proximity,1
2026-04-09T22:17:50.640090,1,proximity,1
2026-04-09T22:17:50.651384,2,proximity,2
2026-04-09T22:17:53.179307,1,proximity,2
2026-04-09T22:17:53.191050,2,proximity,2
2026-04-09T22:17:53.685981,1,proximity,2
2026-04-09T22:17:53.696911,2,proximity,2
2026-04-09T22:17:54.187670,1,proximity,2
2026-04-09T22:17:54.199788,2,proximity,2
2026-04-09T22:17:54.704073,1,proximity,1
2026-04-09T22:17:54.715828,2,proximity,1
2026-04-09T22:17:55.206790,1,proximity,2
2026-04-09T22:17:55.219259,2,proximity,2
2026-04-09T22:17:55.718172,1,proximity,2
2026-04-09T22:17:55.729938,2,proximity,1
2026-04-09T22:17:56.221576,1,proximity,2
2026-04-09T22:17:56.232763,2,proximity,2
2026-04-09T22:17:56.722908,1,proximity,2
2026-04-09T22:17:56.733629,2,proximity,2
2026-04-09T22:17:57.236623,1,proximity,2
2026-04-09T22:17:57.248617,2,proximity,2
2026-04-09T22:17:57.737684,1,proximity,2
2026-04-09T22:17:57.749152,2,proximity,1
2026-04-09T22:17:58.241250,1,proximity,1
2026-04-09T22:17:58.252240,2,proximity,1
2026-04-09T22:17:58.750442,1,proximity,1
2026-04-09T22:17:58.761802,2,proximity,1
2026-04-09T22:17:59.254942,1,proximity,1
2026-04-09T22:17:59.266493,2,proximity,1
2026-04-09T22:17:59.759649,1,proximity,1
2026-04-09T22:17:59.771168,2,proximity,2
2026-04-09T22:18:00.260467,1,proximity,1
2026-04-09T22:18:00.272233,2,proximity,1
2026-04-09T22:18:00.764503,1,proximity,2
2026-04-09T22:18:10.377337,1,proximity,2
2026-04-09T22:18:10.391216,2,proximity,2
2026-04-09T22:18:10.884573,1,proximity,1
2026-04-09T22:18:10.896466,2,collision,-5
2026-04-09T22:18:10.896611,2,energy_delta,-5
2026-04-09T22:18:10.896634,2,proximity,1
2026-04-09T22:18:11.386540,1,collision,-5
2026-04-09T22:18:11.386728,1,energy_delta,-5
2026-04-09T22:18:11.386781,1,proximity,1
2026-04-09T22:18:11.397974,2,collision,-5
2026-04-09T22:18:11.398041,2,energy_delta,-5
2026-04-09T22:18:11.398059,2,proximity,1
2026-04-09T22:18:11.887790,1,collision,-5
2026-04-09T22:18:11.887883,1,energy_delta,-5
2026-04-09T22:18:11.887903,1,proximity,1
2026-04-09T22:18:11.898211,2,collision,-5
2026-04-09T22:18:11.898311,2,energy_delta,-5
2026-04-09T22:18:11.898348,2,proximity,2
2026-04-09T22:18:12.389253,1,collision,-5
2026-04-09T22:18:12.389424,1,energy_delta,-5
2026-04-09T22:18:12.389494,1,proximity,1
2026-04-09T22:18:12.401459,2,collision,-5
2026-04-09T22:18:12.401593,2,energy_delta,-5
2026-04-09T22:18:12.401644,2,proximity,1
2026-04-09T22:18:12.892563,1,collision,-5
2026-04-09T22:18:12.892683,1,energy_delta,-5
2026-04-09T22:18:12.892721,1,proximity,1
2026-04-09T22:18:12.904178,2,collision,-5
2026-04-09T22:18:12.904312,2,energy_delta,-5
2026-04-09T22:18:12.904364,2,proximity,2
2026-04-09T22:18:13.392563,1,collision,-5
2026-04-09T22:18:13.392737,1,energy_delta,-5
2026-04-09T22:18:13.392789,1,proximity,2
2026-04-09T22:18:13.404296,2,collision,-5
2026-04-09T22:18:13.404361,2,energy_delta,-5
2026-04-09T22:18:13.404379,2,proximity,2
2026-04-09T22:18:13.893410,1,collision,-5
2026-04-09T22:18:13.893499,1,energy_delta,-5
2026-04-09T22:18:13.893517,1,proximity,2
2026-04-09T22:18:13.904584,2,collision,-5
2026-04-09T22:18:13.904714,2,energy_delta,-5
2026-04-09T22:18:13.904764,2,proximity,2
2026-04-09T22:18:14.393048,1,collision,-5
2026-04-09T22:18:14.393168,1,energy_delta,-5
2026-04-09T22:18:14.393193,1,proximity,2
2026-04-09T22:18:14.403886,2,collision,-5
2026-04-09T22:18:14.403999,2,energy_delta,-5
2026-04-09T22:18:14.404016,2,proximity,2
2026-04-09T22:18:14.906752,1,collision,-5
2026-04-09T22:18:14.906847,1,energy_delta,-5
2026-04-09T22:18:14.906866,1,proximity,2
2026-04-09T22:18:14.917661,2,collision,-5
2026-04-09T22:18:14.917731,2,energy_delta,-5
2026-04-09T22:18:14.917749,2,proximity,2
2026-04-09T22:18:15.409120,1,collision,-5
2026-04-09T22:18:15.409250,1,energy_delta,-5
2026-04-09T22:18:15.409288,1,proximity,1
2026-04-09T22:18:15.423375,2,collision,-5
2026-04-09T22:18:15.423526,2,energy_delta,-5
2026-04-09T22:18:15.423577,2,proximity,1
2026-04-09T22:18:15.915279,1,collision,-5
2026-04-09T22:18:15.915368,1,energy_delta,-5
2026-04-09T22:18:15.915386,1,proximity,1
2026-04-09T22:18:15.927952,2,collision,-5
2026-04-09T22:18:15.928025,2,energy_delta,-5
2026-04-09T22:18:15.928044,2,proximity,1
2026-04-09T22:18:16.420774,1,collision,-5
2026-04-09T22:18:16.420962,1,energy_delta,-5
2026-04-09T22:18:16.421015,1,proximity,1
2026-04-09T22:18:16.433246,2,collision,-5
2026-04-09T22:18:16.433378,2,energy_delta,-5
2026-04-09T22:18:16.433429,2,proximity,1
2026-04-09T22:18:16.923730,1,collision,-5
2026-04-09T22:18:16.923820,1,energy_delta,-5
2026-04-09T22:18:16.923839,1,proximity,1
2026-04-09T22:18:16.934751,2,collision,-5
2026-04-09T22:18:16.934877,2,energy_delta,-5
2026-04-09T22:18:16.934928,2,proximity,1
2026-04-09T22:18:17.438085,1,collision,-5
2026-04-09T22:18:17.438192,1,energy_delta,-5
2026-04-09T22:18:17.438213,1,proximity,1
2026-04-09T22:18:17.449985,2,collision,-5
2026-04-09T22:18:17.450118,2,energy_delta,-5
2026-04-09T22:18:17.450170,2,proximity,1
2026-04-09T22:18:17.939565,1,collision,-5
2026-04-09T22:18:17.939653,1,energy_delta,-5
2026-04-09T22:18:17.939672,1,proximity,2
2026-04-09T22:18:17.951060,2,collision,-5
2026-04-09T22:18:17.951129,2,energy_delta,-5
2026-04-09T22:18:18.442031,1,collision,-5
2026-04-09T22:18:18.442274,1,energy_delta,-5
2026-04-09T22:18:18.442296,1,proximity,2
2026-04-09T22:18:18.453083,2,collision,-5
2026-04-09T22:18:18.453149,2,energy_delta,-5
2026-04-09T22:18:18.453166,2,proximity,2
2026-04-09T22:18:18.944107,1,collision,-5
2026-04-09T22:18:18.944204,1,energy_delta,-5
2026-04-09T22:18:18.944228,1,proximity,2
2026-04-09T22:18:18.959320,2,collision,-5
2026-04-09T22:18:18.959421,2,energy_delta,-5
2026-04-09T22:18:18.959457,2,proximity,2
2026-04-09T22:18:19.448298,1,collision,-5
2026-04-09T22:18:19.448486,1,energy_delta,-5
2026-04-09T22:18:19.448539,1,proximity,2
2026-04-09T22:18:19.458874,2,collision,-5
2026-04-09T22:18:19.458946,2,energy_delta,-5
2026-04-09T22:18:19.458964,2,proximity,1
2026-04-09T22:18:19.954609,1,collision,-5
2026-04-09T22:18:19.954727,1,energy_delta,-5
2026-04-09T22:18:19.954745,1,proximity,2
2026-04-09T22:18:19.967257,2,collision,-5
2026-04-09T22:18:19.967383,2,energy_delta,-5
2026-04-09T22:18:20.457081,1,collision,-5
2026-04-09T22:18:20.457274,1,energy_delta,-5
2026-04-09T22:18:20.457328,1,proximity,2
2026-04-09T22:18:20.469478,2,proximity,2
2026-04-09T22:18:20.963474,1,collision,-5
2026-04-09T22:18:20.963610,1,energy_delta,-5
2026-04-09T22:18:20.975139,2,proximity,2
2026-04-09T22:18:21.463734,1,collision,-5
2026-04-09T22:18:21.463838,1,energy_delta,-5
2026-04-09T22:18:21.463856,1,proximity,1
2026-04-09T22:18:21.474611,2,proximity,2
2026-04-09T22:18:21.965796,1,collision,-5
2026-04-09T22:18:21.965912,1,energy_delta,-5
2026-04-09T22:18:22.469459,1,collision,-5
2026-04-09T22:18:22.469562,1,energy_delta,-5
2026-04-09T22:18:22.480417,2,proximity,2
2026-04-09T22:18:22.971952,1,collision,-5
2026-04-09T22:18:22.972041,1,energy_delta,-5
2026-04-09T22:18:23.476754,1,collision,-5
2026-04-09T22:18:23.476883,1,energy_delta,-5
2026-04-09T22:18:23.979391,1,collision,-5
2026-04-09T22:18:23.979488,1,energy_delta,-5
2026-04-09T22:18:24.487848,1,collision,-5
2026-04-09T22:18:24.487976,1,energy_delta,-5
2026-04-09T22:18:24.995252,1,collision,-5
2026-04-09T22:18:24.995341,1,energy_delta,-5
2026-04-09T22:18:25.497870,1,collision,-5
2026-04-09T22:18:25.498032,1,energy_delta,-5
2026-04-09T22:18:26.006440,1,collision,-5
2026-04-09T22:18:26.006529,1,energy_delta,-5
2026-04-09T22:18:26.515832,1,collision,-5
2026-04-09T22:18:26.515962,1,energy_delta,-5
2026-04-09T22:18:27.030828,1,collision,-5
2026-04-09T22:18:27.030923,1,energy_delta,-5
2026-04-09T22:18:27.532251,1,collision,-5
2026-04-09T22:18:27.532426,1,energy_delta,-5
2026-04-09T22:18:28.036253,1,collision,-5
2026-04-09T22:18:28.036421,1,energy_delta,-5
2026-04-09T22:18:28.540864,1,collision,-5
2026-04-09T22:18:28.541037,1,energy_delta,-5
2026-04-09T22:18:29.042159,1,collision,-5
2026-04-09T22:18:29.042315,1,energy_delta,-5
2026-04-09T22:18:29.545237,1,collision,-5
2026-04-09T22:18:29.545412,1,energy_delta,-5
2026-04-09T22:18:30.050363,1,collision,-5
2026-04-09T22:18:30.050502,1,energy_delta,-5
2026-04-09T22:18:30.559271,1,collision,-5
2026-04-09T22:18:30.559405,1,energy_delta,-5
2026-04-09T22:18:31.066311,1,collision,-5
2026-04-09T22:18:31.066404,1,energy_delta,-5
2026-04-09T22:18:31.574122,1,collision,-5
2026-04-09T22:18:31.574226,1,energy_delta,-5
2026-04-09T22:18:32.085222,1,collision,-5
2026-04-09T22:18:32.085314,1,energy_delta,-5
2026-04-09T22:18:32.591462,1,collision,-5
2026-04-09T22:18:32.591594,1,energy_delta,-5
2026-04-09T22:18:33.093414,1,collision,-5
2026-04-09T22:18:33.093509,1,energy_delta,-5
2026-04-09T22:18:33.595923,1,collision,-5
2026-04-09T22:18:33.596062,1,energy_delta,-5
2026-04-09T22:18:34.107219,1,collision,-5
2026-04-09T22:18:34.107324,1,energy_delta,-5
2026-04-09T22:18:34.621835,1,collision,-5
2026-04-09T22:18:34.621940,1,energy_delta,-5
2026-04-09T22:18:35.136713,1,collision,-5
2026-04-09T22:18:35.136901,1,energy_delta,-5
2026-04-09T22:18:35.636509,1,collision,-5
2026-04-09T22:18:35.636652,1,energy_delta,-5
2026-04-09T22:18:36.139284,1,collision,-5
2026-04-09T22:18:36.139373,1,energy_delta,-5
2026-04-09T22:18:36.645854,1,collision,-5
2026-04-09T22:18:36.645991,1,energy_delta,-5
2026-04-09T22:18:47.246631,0,reset,1
